id,name,read,pattern,sequence,feature_type
CD10,CD10,R2,5P(BC),CAGCCATTCATTAGG,Custom
CD103,CD103,R2,5P(BC),GACCTCATTGTGAAT,Custom
CD117,CD117,R2,5P(BC),AGACTAATAGCTGAC,Custom
CD11b,CD11b,R2,5P(BC),GACAAGTGATCTGCA,Custom
CD11c,CD11c,R2,5P(BC),TACGCCTATAACTTG,Custom
CD123,CD123,R2,5P(BC),CTTCACTCTGTCAGG,Custom
CD127,CD127,R2,5P(BC),GGCACCCATGTCTTT,Custom
CD138,CD138,R2,5P(BC),ACTCTTTCGTTTACG,Custom
CD14,CD14,R2,5P(BC),CAATCAGACCTATGA,Custom
CD141,CD141,R2,5P(BC),GGATAACCGCGCTTT,Custom
CD16,CD16,R2,5P(BC),AAGTTCACTCTTTGC,Custom
CD161,CD161,R2,5P(BC),GTACGCAGTCCTTCT,Custom
CD163,CD163,R2,5P(BC),GCTTCTCCTTCCTTA,Custom
CD169,CD169,R2,5P(BC),TACTCAGCGTGTTTG,Custom
CXCR3,CXCR3,R2,5P(BC),GCGATGGTAGATTAT,Custom
CXCR5,CXCR5,R2,5P(BC),AATTCAACCGTCGCC,Custom
CD19,CD19,R2,5P(BC),CTGGGCAATTACTCG,Custom
CCR4,CCR4,R2,5P(BC),AGCTTACCTGCACGA,Custom
CCR5,CCR5,R2,5P(BC),CCAAAGTAAGAGCCA,Custom
CCR6,CCR6,R2,5P(BC),GATCCCTTTGTCACT,Custom
CCR7,CCR7,R2,5P(BC),AGTTCAGTCAACCGA,Custom
CD1c,CD1c,R2,5P(BC),GAGCTACTTCACTCG,Custom
CD20,CD20,R2,5P(BC),TTCTGGGTCCCTAGA,Custom
CD206,CD206,R2,5P(BC),TCAGAACGTCTAACT,Custom
CD24,CD24,R2,5P(BC),AGATTCCTTCGTGTT,Custom
CD25,CD25,R2,5P(BC),TTTGTCCTGTACGCC,Custom
CD26,CD26,R2,5P(BC),TTCCTGCACGAGGAT,Custom
CD27,CD27,R2,5P(BC),GCACTCCTGCATGTA,Custom
BTLA,BTLA,R2,5P(BC),GTTATTGGACTAAGG,Custom
PDL2,PDL2,R2,5P(BC),TCAACGCTTGGCTAG,Custom
PDL1,PDL1,R2,5P(BC),GTTGTCCGACAATAC,Custom
ICOS,ICOS,R2,5P(BC),CGCGCACCCATTAAA,Custom
PD1,PD1,R2,5P(BC),ACAGCGCCGTATTTA,Custom
CD28,CD28,R2,5P(BC),ATTCTGTCTTTCCCA,Custom
CD3,CD3,R2,5P(BC),CTCATTGTAACTCCT,Custom
NKG2D,NKG2D,R2,5P(BC),CGTGTTTGTTCCTCA,Custom
CD33,CD33,R2,5P(BC),TAACTCAGGGCCTAT,Custom
CD34,CD34,R2,5P(BC),GCAGAAATCTCCCTT,Custom
CLEC9A,CLEC9A,R2,5P(BC),CTGCATTTCAGTAAG,Custom
CD38,CD38,R2,5P(BC),ATCCTTTGCCGTGTT,Custom
CD4,CD4,R2,5P(BC),GAGGTTAGTGATGGA,Custom
CD40,CD40,R2,5P(BC),CTCAGATGGAGTATG,Custom
CD45,CD45,R2,5P(BC),TCCCTTGCGATTTAC,Custom
CD45RA,CD45RA,R2,5P(BC),TCAATCCTTCCGCTT,Custom
CD5,CD5,R2,5P(BC),CATTAACGGGATGCC,Custom
CD56,CD56,R2,5P(BC),TTCGCCGCATTGAGT,Custom
CD57,CD57,R2,5P(BC),AACTCCCTATGGAGG,Custom
CD58,CD58,R2,5P(BC),GTTCCTATGGACGAC,Custom
CD62L,CD62L,R2,5P(BC),GTCCCTGCAACTTGA,Custom
CD66b,CD66b,R2,5P(BC),AGCTGTAAGTTTCGG,Custom
CD69,CD69,R2,5P(BC),GTCTCTTGGCTTAAA,Custom
CD8,CD8,R2,5P(BC),GCGCAACTTGATGAT,Custom
CD86,CD86,R2,5P(BC),GTCTTTGTCAGTGCA,Custom
HLA-DR,HLA-DR,R2,5P(BC),AATAGCGAGCAAGTA,Custom
IgD,IgD,R2,5P(BC),CGTCACCTCTGTATC,Custom
TCRgd,TCRgd,R2,5P(BC),CTTCCGATTCATTCA,Custom
TIGIT,TIGIT,R2,5P(BC),TTGCTTACCGCCAGA,Custom
XCR1,XCR1,R2,5P(BC),AAGACGCATGTCAAC,Custom
HTO_1,HTO_1,R2,5P(BC),AGGACCATCCAA,Custom
HTO_2,HTO_2,R2,5P(BC),ACATGTTACCGT,Custom
HTO_3,HTO_3,R2,5P(BC),AGCTTACTATCC,Custom
HTO_4,HTO_4,R2,5P(BC),TCGATAATGCGA,Custom
HTO_5,HTO_5,R2,5P(BC),GAGGCTGAGCTA,Custom
HTO_6,HTO_6,R2,5P(BC),GTGTGACGTATT,Custom
HTO_7,HTO_7,R2,5P(BC),ACTGTCTAACGG,Custom
HTO_8,HTO_8,R2,5P(BC),TATCACATCGGT,Custom
HTO_9,HTO_9,R2,5P(BC),CACATAATGACG,Custom
HTO_10,HTO_10,R2,5P(BC),TAACGACGTGGT,Custom
