id,name,read,pattern,sequence,feature_type
CD11b,CD11b,R2,5P(BC),ATTCCT,Custom
CD11c,CD11c,R2,5P(BC),TAGCTT,Custom
CD123,CD123,R2,5P(BC),GTGGCC,Custom
CD14,CD14,R2,5P(BC),AGTCAA,Custom
CD141,CD141,R2,5P(BC),CACCGG,Custom
CD16,CD16,R2,5P(BC),TTAGGC,Custom
CD19,CD19,R2,5P(BC),CGATGT,Custom
CD1c,CD1c,R2,5P(BC),CAACTA,Custom
CD206,CD206,R2,5P(BC),ACTGAT,Custom
CD24,CD24,R2,5P(BC),ATGTCA,Custom
CD27,CD27,R2,5P(BC),GGTAGC,Custom
CD3,CD3,R2,5P(BC),ATCACG,Custom
CD33,CD33,R2,5P(BC),ACTTGA,Custom
CD38,CD38,R2,5P(BC),GTAGAG,Custom
CD4,CD4,R2,5P(BC),TGACCA,Custom
CD56,CD56,R2,5P(BC),CTTGTA,Custom
CD62L,CD62L,R2,5P(BC),ATGAGC,Custom
CD64,CD64,R2,5P(BC),GAGTGG,Custom
CD66b,CD66b,R2,5P(BC),CAGATC,Custom
CD8,CD8,R2,5P(BC),GCCAAT,Custom
HLA-DR,HLA-DR,R2,5P(BC),GTTTCG,Custom
HTO_1,HTO_1,R2,5P(BC),AGGACCATCCAA,Custom
HTO_2,HTO_2,R2,5P(BC),ACATGTTACCGT,Custom
